k,loo_error
1,0.22331460674157302
2,0.20926966292134833
3,0.1952247191011236
4,0.18258426966292135
5,0.1797752808988764
6,0.17837078651685392
7,0.18117977528089887
8,0.18117977528089887
9,0.18258426966292135
10,0.1797752808988764
11,0.18258426966292135
12,0.1853932584269663
13,0.18679775280898878
14,0.18820224719101122
15,0.1853932584269663
16,0.199438202247191
17,0.199438202247191
18,0.19803370786516855
19,0.19803370786516855
20,0.19662921348314608
21,0.1952247191011236
22,0.19382022471910113
23,0.1896067415730337
24,0.1896067415730337
25,0.19101123595505617
26,0.19241573033707865
27,0.19382022471910113
28,0.19382022471910113
29,0.19382022471910113
30,0.19101123595505617
31,0.18679775280898878
32,0.18679775280898878
33,0.18679775280898878
34,0.1853932584269663
35,0.1853932584269663
36,0.18679775280898878
37,0.18820224719101122
38,0.18820224719101122
39,0.18820224719101122
40,0.1896067415730337
41,0.1896067415730337
42,0.19241573033707865
43,0.19382022471910113
44,0.1952247191011236
45,0.1952247191011236
46,0.20084269662921347
47,0.2205056179775281
48,0.22331460674157302
49,0.21910112359550563
50,0.21910112359550563
